TítuloCurso,Precio,Duración,Autor,Calificación
Java Programming,£10,15.2 hours,Next Learn Academy,4
SQL Programming: The SQL Database Programming Essential Training 2022,£10,3.5 hours ,Ahmed Ibrahim,0
Programming,£10,7 hours   ,Course Cloud,0
C# Programming: The C# Coding Essential Training in 2022,£10,3.9 hours ,Ahmed Ibrahim,3
Python Programming: Building Real Apps with Python Programming 2022,£10,3.5 hours ,Ahmed Ibrahim,3
C# Programming with Ado.net,£10,2.6 hours ,Suprio Dutta,3
SQL Programming,£10,2 hours   ,Suprio Dutta,4
Python Programming for Beginners | Python Ultimate Bootcamp 2022,£10,6 hours   ,Ahmed Ibrahim,0
Python Programming Certification Training,£10,29.4 hours,Uplatz,3
F# Programming,£71,5 hours   ,Ed-Next (Consult +),3
Java Programming Training Courses,£19,3.4 hours ,EduOlc Team,4
C# Programming-Beginners To Advanced,£10,5.1 hours ,Suprio Dutta,4
Coding (Computer Programming),£53,97 hours  ,Apex Learning,1
SAS Programming,£10,12 hours  ,Course Cloud,4
GUI Programming in Python using Tkinter Certification Training,£10,25.3 hours,Uplatz,4
JavaScript Programming for Beginners,£19,2.3 hours ,Zenva Academy,5
PLC Programming,£13,7 hours   ,Course Cloud,4
Data Science: Python Programming for Data Analysis 2022 Complete Bootcamp,£10,6.3 hours ,Ahmed Ibrahim,5
3D Programming Crash Course ,£89,1.2 hours ,Sonar Systems,0
C++ Programming Course,£35,10 hours  ,Ed-Next (Consult +),1
Java Programming ,£150,3.4 hours ,Numoni,0
PLC Programming,£10,7 hours   ,Janets,1
Python Programming From A-Z: Beginner To Expert Course,£11.99,15.5 hours,Lunes Online Learning,5
R Programming,£59,4.9 hours ,Earn & Excel,2
Programming in Android,£200,30 hours  ,IT Academy,3
Python Programming for Beginners,£19,2.8 hours ,Zenva Academy,4
Python Programming,£59,4.7 hours ,Earn & Excel,2
Ruby Programming Training,£71,32 hours  ,Ed-Next (Consult +),1
Scala Programming,£71,9 hours   ,Ed-Next (Consult +),2
Data Science: The R Programming For Data Science Complete Bootcamp 2022,£10,5.1 hours ,Ahmed Ibrahim,0
F# Programming Training Course,£99,4 hours   ,EduCBA,4
SAS Programming,£449,12 hours  ,Amaar School,3
C# Programming,£15,5 hours   ,The Teachers Training,4
Java Programming,£449,4 hours   ,Amaar School,5
Assembly Programming,£550,2 hours   ,Amaar School,4
Dart Programming,£550,4 hours   ,Amaar School,1
Python Programming,£21.76,8 hours   ,Simpliv LLC,2
Mind Programming,£550,1 hour    ,Amaar School,3
R Programming Certification Training,£10,20.8 hours,Uplatz,0
C++ Programming Course,£99,          ,EduCBA,1
Coding (Computer Programming),£100,102 hours ,StudyHub,3
Julia Programming,£10,4 hours   ,Janets,2
Java Programming,"£2,100",5 days · F,Verhoef Training Ltd,1
Java Programming,"£2,100",5 days · F,Verhoef Training Ltd,3
Python Programming,£10,6 hours   ,Janets,2
Python Programming,£10,6 hours   ,Janets,5
C Programming Course,£99,          ,EduCBA,5
Scala Programming,£99,          ,EduCBA,1
Python Programming,£21.77,18 hours  ,Simpliv LLC,5
Python Programming,£21.77,18 hours  ,Simpliv LLC,5
Java Programming Course,£129,14 hours  ,Course Correct Limited,2
C Programming Course,£35,10 hours  ,Ed-Next (Consult +),4
Introduction To Programming,£29,          ,Skill Success,2
Python Programming: Advanced and Important Concepts for Python Programmers,£10,4 hours   ,Ahmed Ibrahim,5
Julia Programming,£10,4 hours   ,One Education,1
AutoLISP Programming,£10,7 hours   ,One Education,0
Scala Programming,£99,          ,EduCBA,4
PLC Programming,£100,101 hours ,StudyHub,5
Java Programming,£10,9 hours   ,Janets,5
Java Programming,£29,1 year    ,"",3
AutoCAD Programming,£29,32 hours  ,Course Cloud,5
Java Programming Course,£39,12 months ,Study247,5
Programming Fundamentals,£119,15 hours  ,eTrain,4
Python Programming,£21.76,23 hours  ,Simpliv LLC,2
Python Programming,£21.76,20 hours  ,Simpliv LLC,0
Python Programming,£21.77,9 hours   ,Simpliv LLC,0
Scheme Programming,£99,          ,EduCBA,4
Scheme Programming,£99,          ,EduCBA,3
Python Programming,£21.76,40 hours  ,Simpliv LLC,4
Python Programming,£21.76,22 hours  ,Simpliv LLC,2
Python Programming,£10,16 hours  ,Course Central,0
Programming for Beginners,£55,30 hours  ,Course Cloud,5
C# Programming Course,£29,          ,Skill Success,4
Python Programming,£119,564 hours ,One Education,2
Neuro Linguistic Programming (NLP),£12,0.3 hours ,STUDY CRUISE PRIVATE LTD,3
Computer Programming,£55,67 hours  ,One Education,0
F# Programming,£99,4 hours   ,EduCBA,0
Python Programming,£21.76,11 hours  ,Simpliv LLC,2
PERL Programming,£99,5 hours   ,EduCBA,0
Python Programming,£13,6 hours   ,Course Cloud,0
Haskell Programming,£99,          ,EduCBA,4
Shells and Shell Programming Certification Training,£10,10.6 hours,Uplatz,3
PHP Programming,£21.64,20 hours  ,Simpliv LLC,5
 PHP Programming,£36.07,19 hours  ,Simpliv LLC,3
Coding Courses : Computer Programming,£30,40 hours  ,Janets,4
PERL Programming Training Course,£99,5 hours   ,EduCBA,0
Python Programming,£21.77,25 hours  ,Simpliv LLC,3
Python Programming,£21.77,18 hours  ,Simpliv LLC,2
SAS : SAS Programming,£10,4 hours   ,Janets,4
R Programming,£10,29 hours  ,Course Central,1
Ruby Programming Training,£99,          ,EduCBA,4
Python Programming,£10,          ,Lead Academy,5
PERL Programming,£53,8 hours   ,Ed-Next (Consult +),2
PLC Programming,£15,36 hours  ,Course Cloud,5
Java Programming,£22,15 hours  ,Next Learn Academy,3
Assembly Programming,£13,2 hours   ,Course Cloud,4
PHP Programming,£29,          ,Skill Success,0
Python Programming Course,£129,9 hours   ,Course Correct Limited,4
R Programming Courses,£149,76 hours  ,EduCBA,0
Scheme Programming Training Course,£169,12 hours  ,EduCBA,1
Python Programming,"£1,560",3 days · F,Verhoef Training Ltd,3
Python Programming,"£1,560",3 days · F,Verhoef Training Ltd,4
R For Beginners: Learn R Programming from Scratch,£15,2.8 hours ,Oak Academy,3
Introduction to Programming,£149,12 hours  ,eTrain,0
Programming Basics Course,£99,1 month   ,StudyOnline247,4
Computer Programming Complete Bundle,£15,80 hours  ,Janets,5
Microsoft 70-483: Programming in C# .NET,£99,26 hours  ,eTrain,3
R For Beginners: Learn R Programming from Scratch,£10,2.8 hours ,Oak Academy,1
Modern C++ Programming,£10,1.3 hours ,EduOlc Team,4
Coding in Java Programming,£10,0.9 hours ,EduOlc Team,2
Functional Programming In Java,£10,1.1 hours ,EduOlc Team,0
Computer Programming and Python,£16,15 hours  ,Academy for Health & Fitness,5
C++ Computer Programming,£10,1.3 hours ,EduOlc Team,5
SAS DS2 Programming,£71,5 hours   ,Ed-Next (Consult +),1
C Programming For Beginners,£49.99,5 hours   ,Dragon Zap,1
C++ Programming Fundamentals,£19,2.8 hours ,EduOlc Team,4
Neuro Linguistic Programming,£10,50 hours  ,Brentwood Open learning College,4
"Python Programming: Databases with Python | Learn MySQL, SQLite & MongoDB ",£10,3.2 hours ,Ahmed Ibrahim,5
Computer Science and Programming,£119,420 hours ,Janets,3
Bundle Multi (2-in-1) - R Programming,£15,29.4 hours,Uplatz,2
C++ for Competitive Programming,£10,2.8 hours ,EduOlc Team,3
Computer Science & Programming,£32,13 hours  ,StudyHub,4
Coding : Computer Programming,£75,90 hours  ,StudyHub,1
AutoCAD: AutoCAD Programming,£53,69 hours  ,Apex Learning,2
Python 3 Programming,£10,          ,Knowledge Door,2
Programming Language Training Bundle Course,£99,44 hours  ,EduCBA,5
Learn Programming in C++,£10,1.5 hours ,EduOlc Team,5
Mastering C++ Programming,£10,2.8 hours ,EduOlc Team,2
The Complete Introduction to C++ Programming,£12,5 hours   ,Yassin Marco,4
Programming Language Training Bundle,£71,61 hours  ,Ed-Next (Consult +),3
IT : Online R Programming Course | R Programming Language,£10,69 hours  ,Simpliv LLC,2
Complete Java Programming,£35,10 hours  ,Ed-Next (Consult +),3
.NET Programming,£499,          ,Fortray Networks Ltd,5
HTML5 Programming Course,£10,1 hour    ,Edplx,3
Python Programming,£119,10 hours  ,eTrain,4
PLC Programming Diploma,£32,24 hours  ,StudyHub,4
Programming Language Training Bundle,£99,          ,EduCBA,3
Python: Python Programming,£15,16 hours  ,Janets,4
Python Programming for Beginners Certification Training,£10,30.8 hours,Uplatz,5
Computer Programming Diploma,£10,6 hours   ,Academy for Health & Fitness,4
R Programming Basics,£10,2.2 hours ,T.Hema,5
C# Basics for Beginners: Introduction to Programming with C#,£10,1.8 hours ,Victor Gorinov,0
Python Programming - Comprehensive Training,£71,29 hours  ,Ed-Next (Consult +),0
C# Programming Crash Course,£10,9.7 hours ,Stone River eLearning,2
SQL- The Complete Introduction to SQL programming,£12,3.4 hours ,Yassin Marco,1
SQL : SQL Programming,£10,625 hours ,Janets,0
Advanced C++ Programming,£499,3 hours   ,Guardian Academy,0
Advanced SAS programming ,£449,4 hours   ,Amaar School,5
VR Programming Tutorial ,£550,2 hours   ,Amaar School,5
Dart Masterclass Programming Course,£499,4 hours   ,Guardian Academy,5
Neuro-Linguistic Programming,£35,10 hours  ,Ed-Next (Consult +),3
Python Programming for Beginners,£250,10 hours ·,London Academy of IT,1
Functional Programming In JavaScript,£29,          ,Skill Success,2
Java AWT Programming,£499,2 hours   ,Guardian Academy,4
Java Programming Language,£499,4 hours   ,Guardian Academy,5
Embedded Systems and MATLAB Programming Certification Training,£10,28.2 hours,Uplatz,1
Computer Science and Programming,£18,325 hours ,Janets,5
R Programming Comprehensive Training Course,£369,22 hours  ,EduCBA,4
C++ Programming Online Course,£99,          ,EduCBA,1
Python Programming for Beginners  ,£39,4 hours   ,Study365,0
Statistics - Programming in R,£600 - £833,2 days · F,Royal Statistical Society,1
Haskell Programming online Training Course,£149,7 hours   ,EduCBA,4
Ruby Programming Fundamentals  ,£37,6 hours   ,Study365,0
Python Programming - Comprehensive Training,£99,          ,EduCBA,0
Python Programming Online Courses,£99,          ,EduCBA,5
Programming for Data Science,"£1,150",3 months  ,Udacity,2
IT: C Programming For Beginners,£49.99,8.7 hours ,Dark Neon,3
 Introduction To Ruby Programming,£29,          ,Skill Success,5
AutoCAD VBA Programming,£10,4 hours   ,Janets,4
C Programming Online Course,£99,          ,EduCBA,1
Python Programming for Beginners,£27.95,2 hours   ,e-courses4you,2
SQL Programming with MySQL Database Certification Training,£10,8 hours   ,Uplatz,3
SQL : SQL Programming,£119,697 hours ,Janets,5
C Programming 101,£25,21 hours  ,Ed-Next (Consult +),3
Python Programming for Beginners,£299,4 hours   ,Stone River eLearning,2
Java Programming Fundamentals,£37,5 hours   ,Study365,1
Haskell Programming Online Training,£99,7 hours   ,EduCBA,5
Introduction to Programming Nanodegree,"£1,192",4 months  ,Udacity,0
Computer Programming Diploma,£19,7 hours   ,One Education,3
Advanced Python Programming with NumPy Certification Training,£10,24.5 hours,Uplatz,5
AutoCAD VBA Programming,£10,4 hours   ,One Education,2
Online Courses To Learn Go programming Language- Golang Programming,£99,          ,EduCBA,3
Statistics - Programming with SAS,£10,12 hours  ,One Education,0
Java programming online training course,£149,1 hour    ,Online Courses Learning,4
Ruby Programming For Everyone,£29,          ,Skill Success,2
Python 3 Programming,£10,17 hours  ,One Education,1
Python Programming for Beginners,£99,3 hours   ,eTrain,2
Bundle Course - Programming Languages,£15,250 hours ,Uplatz,1
C++ Programming for Beginners,£10,3 hours   ,Course Cloud,3
Scratch Programming - Basic to Expert,£20,7.2 hours ,Abdullah Shabbir,0
Java Programming Fundamentals Certification Training,£10,22.9 hours,Uplatz,4
Python : Python Programming,£10,6 hours   ,Course Cloud,1
2020 Python Completo: De Cero a Héroe en Python,47 €,13 h,Eric Alexander,4.6
"Linux para principiantes, pero bien explicado y con demo",18 €,3 h,Alejandro Guzman Castellanos,4.5
Introducción a la base de datos MongoDB,10 €,7 h,Francisco Arce,4
Empieza a crear tus primeros juegos en Roblox Studio,19 €,2 h,irene pallares,0
Curso Completo de Fundamentos de Computación,10 €,15 h,Julio César Fuentes Ochoa,4.8
Curso de Fundamentos de Javascript,8 €,1 h,Esteban Rodríguez,5
"Crear una tienda virtual con Bootstrap, PHP y MySQL",15 €,14 h,Francisco Arce,4.6
Aprende Java desde cero y paso a paso,35 €,4 h,Grover Pablo Vásquez Rengifo,4
"Curso de Desarrollo Web con Spring Boot 2, Spring Framework 5, Java 11 y MySQL 8 (Actualización 2020)",100 €,17 h,Ivan Eliseo Tinajero Díaz,5
Introducción a NodeJS,10 €,6 h,Francisco Arce,4.7
Arduino e Impresión 3D: crea tu propio Robot,15 €,8 h,Christian Olmedo Regalado Sarmiento,4.8
Creando Proyectos con React JS,50 €,8 h,Juan Jose Ortiz del Toro,4.4
Iniciación a Angular 9. App desde 0,10 €,2 h,Paco Gomez Arnal,4.8
Aprende Unity 5: de cero a experto,59 €,21 h,Juan Gabriel Gomila,4.8
HTML5+CSS+Intro Javascript para Principiantes,18 €,5 h,Alejandro Guzman Castellanos,4.7
Master en Bootstrap 4 de Cero a 100,99 €,15 h,render2web Cursos y tutoriales de alta calidad,5
"Universidad Java: Experto en Java, desde Cero a Master",169 €,53 h,Global Mentoring,4.6
Curso de Linux: todo lo necesario para ser administrador,100 €,9 h,Proyecto Oforte,4.5
"Programa hoy en MongoDB con Mongoose, Node y Express",9 €,1 h,Nahuel Lema,0
Herramientas para el desarrollador web,10 €,7 h,Francisco Arce,4.5
Aprende a desarrollar apps para Apple Watch ,99 €,17 h,Juan Gabriel Gomila,4.5
Unreal Engine 4: crea videojuegos desde cero,99 €,16 h,Juan Gabriel Gomila,4.5
Aprende C# creando un juego en Unity 5: de cero a experto,99 €,12 h,Juan Gabriel Gomila,4.6
Crea un API RESTful con Slim PHP y aprende a usarla con AJAX,20 €,2 h,Víctor Robles,4.4
Desarrolla Aplicaciones en Android - completo y actualizado,99 €,20 h,Jose Javier Villena Martínez,4.4
Crea sitios web Responsive en Bootstrap sin programar,15 €,3 h,Raul Martinez,4.3
Machine learning y datascience con Python con sklearn y pyspark,60 €,14 h,José Manuel Ortega Candel,4.4
Crea tu Primera Web Gratis con Django,19 €,3 h,Christian Medina,4
Iniciación a Angular 9. App desde 0,10 €,2 h,Paco Gomez Arnal,4.8
"Curso de Desarrollo Web con Spring Boot 2, Spring Framework 5, Java 11 y MySQL 8 (Actualización 2020)",100 €,17 h,Ivan Eliseo Tinajero Díaz,5
WordPress 2020: Crea un sitio web profesional y llamativo,20 €,1 h,Emilio José Morles García,4.3
Certificación Microsoft ASP NET MVC 5 (OWIN + KATANA),12 €,5 h,Rick  Lennie,0
Master en Bootstrap 4 de Cero a 100,99 €,15 h,render2web Cursos y tutoriales de alta calidad,5
Arduino e Impresión 3D: crea tu propio Robot,15 €,8 h,Christian Olmedo Regalado Sarmiento,4.8
Aprende a crear Servicios RestFul con programación reactiva,25 €,2 h,Alex Salomé Pastrana,5
Unreal Engine 4: crea videojuegos desde cero,99 €,16 h,Juan Gabriel Gomila,4.5
Aprende C# creando un juego en Unity 5: de cero a experto,99 €,12 h,Juan Gabriel Gomila,4.6
Curso Completo de Desarrollo Responsive + Proyectos Prácticos,30 €,8 h,render2web Cursos y tutoriales de alta calidad,4.8
Editor Unity3D: Domínalo y amplíalo creando menús a medida,30 €,3 h,Pedro Muñoz,4.3
API RESTful con Laravel: Guía Definitiva,29 €,12 h,Juan David Meza González,3.7
Unity3D: Del 2D a la Realidad Virtual,95 €,16 h,Pedro Muñoz,4.7
Aprende a desarrollar apps para Apple Watch ,99 €,17 h,Juan Gabriel Gomila,4.5
Crea un API RESTful con Slim PHP y aprende a usarla con AJAX,20 €,2 h,Víctor Robles,4.4
